Epoch,accuracy,loss,val_accuracy,val_loss
0,0.13333334028720856,3.126919746398926,0.1899999976158142,1.98015558719635
1,0.12999999523162842,2.8178625106811523,0.14000000059604645,1.9951171875
